F2038400R,mj2020,$2a$04$M2ky.jYG1QgnVMLnJFFRcO8.QwN2xZg1sHLVhzZOZCRO3.APTtLhG,Michael,Jackson,1947-05-15,12345678,"billyjean, Stranger Lane, Moscow",MJ2020@gmail.com,true,true,2021-01-15," 9:45:00",false,2021-02-10," 14:30:00"
S9284421A,j123c,$2a$04$3gJeN8E/i/9nxdMvfetKt.5ZpMypbyDTDpEWdf2A7kwdKuM1H0pNa,Jim ,Carrey,1950-05-02,98765689,"abcdefgh, Hilarious Lane, Comedy Country",jimcarrey@gmail.com,true,true,2020-12-01," 15:00:00",true,2020-12-28," 10:15:00"
T103948511E,ladygaga,$2a$04$llgILJ6DrX5ClwH6WxbKluVkjuXLeUXso.OXXWenfndVB1LQ0ZIQO,Lady,Gaga,1996-07-25,11111111,"password, Gaga Land, Goo Goo Gaa Gaa",ladygaga@hotmail.com,false,false,,,false,,
Harry7Potter,harrypotter,$2a$04$MebJ5p.hJ4cIH7eHlaIZ..eQvHLynneQ2DnNsm6JsdkHiBGjkZ/Ky,Harry,Potter,1962-07-15,77777777,"12345678,Hogwarts Castle",hp@gmail.com,true,true,2021-03-01,16:30:00,false,2021-03-29,10:15:00
S8829374T,pikachu,$2a$04$As.vsio.DwiP7ZXLQLfFluTVXlI2bA42yldQBHdZKSzje2uEu6eSa,Pika,Chu,1900-04-02,91919191,pikapika Pokemon Go Lane,pikachu@yahoo.com,true,false,2021-03-18,09:00:00,false,,
H9283BASK,happybasket,$2a$04$29.MtJ2m5if3bSE/zEvtWuN2uUsII5IDBQJfVqQWXBqQBJEHDpBxq,HAPPY,BASKET,1900-02-01,11112222,happyhappy Lane,happy@basket.com,true,false,2021-03-29,09:00:00,false,,
